case,arm,buildId,step,tool,timestampMs,wallClockSec,cumulativeOutputTokens,cumulativeOutputCharsProxy,cumulativeToolCalls,patchChars,changedFiles,layerCov,fileCov,layers,dLayerCov,editFraction,stateId,sameStateAsPrev,isM0,isMmid,isMlast,isT
feature-service-25,fs25-none,1037545762,1,Bash,1787300205441,3,299,69,1,0,0,0.0,0.0,,0.0,-0.2812,sha1:da39a3ee5e6b4b0d3255bfef95601890afd80709,0,0,0,0,0
feature-service-25,fs25-none,1037545762,2,Bash,1787300206131,4,299,69,2,0,0,0.0,0.0,,0.0,-0.25,sha1:da39a3ee5e6b4b0d3255bfef95601890afd80709,1,0,0,0,0
feature-service-25,fs25-none,1037545762,3,Bash,1787300209729,7,806,69,3,0,0,0.0,0.0,,0.0,-0.2188,sha1:da39a3ee5e6b4b0d3255bfef95601890afd80709,1,0,0,0,0
feature-service-25,fs25-none,1037545762,4,Bash,1787300212070,10,806,69,4,0,0,0.0,0.0,,0.0,-0.1875,sha1:da39a3ee5e6b4b0d3255bfef95601890afd80709,1,0,0,0,0
feature-service-25,fs25-none,1037545762,5,Bash,1787300219182,17,1430,69,5,0,0,0.0,0.0,,0.0,-0.1562,sha1:da39a3ee5e6b4b0d3255bfef95601890afd80709,1,0,0,0,0
feature-service-25,fs25-none,1037545762,6,Bash,1787300239778,37,3315,69,6,0,0,0.0,0.0,,0.0,-0.125,sha1:da39a3ee5e6b4b0d3255bfef95601890afd80709,1,0,0,0,0
feature-service-25,fs25-none,1037545762,7,Bash,1787300240006,38,3315,69,7,0,0,0.0,0.0,,0.0,-0.0938,sha1:da39a3ee5e6b4b0d3255bfef95601890afd80709,1,0,0,0,0
feature-service-25,fs25-none,1037545762,8,Bash,1787300254527,52,4512,69,8,0,0,0.0,0.0,,0.0,-0.0625,sha1:da39a3ee5e6b4b0d3255bfef95601890afd80709,1,0,0,0,0
feature-service-25,fs25-none,1037545762,9,Bash,1787300278934,77,6498,69,9,0,0,0.0,0.0,,0.0,-0.0312,sha1:da39a3ee5e6b4b0d3255bfef95601890afd80709,1,0,0,0,0
feature-service-25,fs25-none,1037545762,10,Write,1787300283494,81,7290,127,10,516,1,0.1667,0.0,schema,0.1667,0.0,sha1:e9e2ff29ab8a61e0a1b61bcda687f4dd1af717bf,0,1,0,0,1
feature-service-25,fs25-none,1037545762,11,Read,1787300285599,83,7290,127,11,516,1,0.1667,0.0,schema,0.0,0.0312,sha1:e9e2ff29ab8a61e0a1b61bcda687f4dd1af717bf,1,0,0,0,0
feature-service-25,fs25-none,1037545762,12,Edit,1787300287640,85,7290,127,12,1248,2,0.3333,0.0833,schema|domain-model,0.1667,0.0625,sha1:d1e516543a3967cd826f0549b71785ea236f021f,0,0,0,0,0
feature-service-25,fs25-none,1037545762,13,Edit,1787300289995,88,7420,127,13,1717,2,0.3333,0.0833,schema|domain-model,0.0,0.0938,sha1:54bbbaf3c603596aea04eece59288d02b4b3984b,0,0,0,0,0
feature-service-25,fs25-none,1037545762,14,Read,1787300293601,91,7743,127,14,1717,2,0.3333,0.0833,schema|domain-model,0.0,0.125,sha1:54bbbaf3c603596aea04eece59288d02b4b3984b,1,0,0,0,0
feature-service-25,fs25-none,1037545762,15,Read,1787300297578,95,8060,127,15,1717,2,0.3333,0.0833,schema|domain-model,0.0,0.1562,sha1:54bbbaf3c603596aea04eece59288d02b4b3984b,1,0,0,0,0
feature-service-25,fs25-none,1037545762,16,Read,1787300301181,99,9241,170,16,1717,2,0.3333,0.0833,schema|domain-model,0.0,0.1875,sha1:54bbbaf3c603596aea04eece59288d02b4b3984b,1,0,0,0,0
feature-service-25,fs25-none,1037545762,17,Read,1787300303298,101,9241,170,17,1717,2,0.3333,0.0833,schema|domain-model,0.0,0.2188,sha1:54bbbaf3c603596aea04eece59288d02b4b3984b,1,0,0,0,0
feature-service-25,fs25-none,1037545762,18,Read,1787300304709,102,9241,170,18,1717,2,0.3333,0.0833,schema|domain-model,0.0,0.25,sha1:54bbbaf3c603596aea04eece59288d02b4b3984b,1,0,0,0,0
feature-service-25,fs25-none,1037545762,19,Edit,1787300306120,104,9241,170,19,2268,3,0.5,0.1667,schema|transport|domain-model,0.1667,0.2812,sha1:106888b3ad745de9b831cbdaf88f2c4f76bb5759,0,0,1,0,0
feature-service-25,fs25-none,1037545762,20,Edit,1787300308108,106,9241,170,20,3035,4,0.5,0.25,schema|transport|domain-model,0.0,0.3125,sha1:77fde562dd3aed9ecc669a7ec81db30c6ee2c7e8,0,0,0,0,0
feature-service-25,fs25-none,1037545762,21,Edit,1787300310868,109,9712,170,21,3802,5,0.5,0.3333,schema|transport|domain-model,0.0,0.3438,sha1:ec98f9911e962afa5c447a7c06f0f7d532a422ca,0,0,0,0,0
feature-service-25,fs25-none,1037545762,22,Edit,1787300311574,109,9712,170,22,4536,6,0.5,0.4167,schema|transport|domain-model,0.0,0.375,sha1:8dcccb3baa723a42e7cf086b45dd601c7fe68f2a,0,0,0,0,0
feature-service-25,fs25-none,1037545762,23,Edit,1787300312281,110,9712,170,23,5696,7,0.6667,0.5,schema|service|transport|domain-model,0.1667,0.4062,sha1:c8406c36cf2c8953a713698c03adb74c15c8cad7,0,0,0,0,0
feature-service-25,fs25-none,1037545762,24,Read,1787300312990,111,9712,170,24,5696,7,0.6667,0.5,schema|service|transport|domain-model,0.0,0.4375,sha1:c8406c36cf2c8953a713698c03adb74c15c8cad7,1,0,0,0,0
feature-service-25,fs25-none,1037545762,25,Read,1787300313046,111,9712,170,25,5696,7,0.6667,0.5,schema|service|transport|domain-model,0.0,0.4688,sha1:c8406c36cf2c8953a713698c03adb74c15c8cad7,1,0,0,0,0
feature-service-25,fs25-none,1037545762,26,Edit,1787300316629,114,10994,170,26,6729,8,0.8333,0.5,schema|persistence|service|transport|domain-model,0.1667,0.5,sha1:24203de332cedcc950c1a5268643069cb73843c9,0,0,0,0,0
feature-service-25,fs25-none,1037545762,27,Bash,1787300318745,116,10994,170,27,6729,8,0.8333,0.5,schema|persistence|service|transport|domain-model,0.0,0.5312,sha1:24203de332cedcc950c1a5268643069cb73843c9,1,0,0,0,0
feature-service-25,fs25-none,1037545762,28,Edit,1787300320157,118,10994,170,28,8715,9,0.8333,0.5833,schema|persistence|service|transport|domain-model,0.0,0.5625,sha1:77d64ca438bda1a7253a721c963ab4efcda661bb,0,0,0,0,0
feature-service-25,fs25-none,1037545762,29,Edit,1787300322279,120,10994,170,29,9249,9,0.8333,0.5833,schema|persistence|service|transport|domain-model,0.0,0.5938,sha1:05aef31ccf1d02536770e2ef11667ca82baef0dd,0,0,0,0,0
feature-service-25,fs25-none,1037545762,30,Read,1787300324163,122,10994,170,30,9249,9,0.8333,0.5833,schema|persistence|service|transport|domain-model,0.0,0.625,sha1:05aef31ccf1d02536770e2ef11667ca82baef0dd,1,0,0,0,0
feature-service-25,fs25-none,1037545762,31,Edit,1787300326997,125,11226,220,31,10292,10,1.0,0.6667,schema|persistence|service|transport|api|domain-model,0.1667,0.6562,sha1:5aabcc00916c1650ffdf3de00f899eb66fa84f33,0,0,0,1,0
feature-service-25,fs25-none,1037545762,32,Edit,1787300327517,125,11226,220,32,10954,10,1.0,0.6667,schema|persistence|service|transport|api|domain-model,0.0,0.6875,sha1:f6bb3fec3eff8c0c42c4c125bd16151c0584389b,0,0,0,0,0
feature-service-25,fs25-none,1037545762,33,Read,1787300332503,130,11683,220,33,10954,10,1.0,0.6667,schema|persistence|service|transport|api|domain-model,0.0,0.7188,sha1:f6bb3fec3eff8c0c42c4c125bd16151c0584389b,1,0,0,0,0
feature-service-25,fs25-none,1037545762,34,Edit,1787300336798,134,11956,220,34,12681,11,1.0,0.75,schema|persistence|service|transport|api|domain-model,0.0,0.75,sha1:824c115a9cb7626418a5845e125e77c8caf78dc0,0,0,0,0,0
feature-service-25,fs25-none,1037545762,35,Read,1787300347283,145,13113,220,35,12681,11,1.0,0.75,schema|persistence|service|transport|api|domain-model,0.0,0.7812,sha1:824c115a9cb7626418a5845e125e77c8caf78dc0,1,0,0,0,0
feature-service-25,fs25-none,1037545762,36,Edit,1787300350941,149,13365,220,36,13686,12,1.0,0.8333,schema|persistence|service|transport|api|domain-model,0.0,0.8125,sha1:292d61f93796dc67c988e3cbbe94b9ffd297d2f4,0,0,0,0,0
feature-service-25,fs25-none,1037545762,37,Read,1787300353830,151,13513,253,37,13686,12,1.0,0.8333,schema|persistence|service|transport|api|domain-model,0.0,0.8438,sha1:292d61f93796dc67c988e3cbbe94b9ffd297d2f4,1,0,0,0,0
feature-service-25,fs25-none,1037545762,38,Edit,1787300358573,156,14032,253,38,15365,13,1.0,0.9167,schema|persistence|service|transport|api|domain-model,0.0,0.875,sha1:ccc1510e62ac1580146c51bf9e9eb5bc8a848761,0,0,0,0,0
feature-service-25,fs25-none,1037545762,39,Bash,1787300360382,158,14032,253,39,15280,13,1.0,0.9167,schema|persistence|service|transport|api|domain-model,0.0,0.9062,sha1:d77cc81f7593e4f51f9d540a23e71420a969877b,0,0,0,0,0
feature-service-25,fs25-none,1037545762,40,Bash,1787300363583,161,14190,253,40,15280,13,1.0,0.9167,schema|persistence|service|transport|api|domain-model,0.0,0.9375,sha1:d77cc81f7593e4f51f9d540a23e71420a969877b,1,0,0,0,0
feature-service-25,fs25-none,1037545762,41,Bash,1787300369841,167,14765,253,41,15280,13,1.0,0.9167,schema|persistence|service|transport|api|domain-model,0.0,0.9688,sha1:d77cc81f7593e4f51f9d540a23e71420a969877b,1,0,0,0,0
feature-service-25,fs25-none,1037545762,42,Bash,1787300372143,170,14895,253,42,15280,13,1.0,0.9167,schema|persistence|service|transport|api|domain-model,0.0,1.0,sha1:d77cc81f7593e4f51f9d540a23e71420a969877b,1,0,0,0,0
jhipster-3,jh3-none,1037545770,1,Bash,1787300348140,4,359,84,1,0,0,0.0,0.0,,0.0,-1.0,sha1:da39a3ee5e6b4b0d3255bfef95601890afd80709,0,0,0,0,0
jhipster-3,jh3-none,1037545770,2,Bash,1787300348584,4,359,84,2,0,0,0.0,0.0,,0.0,-0.9167,sha1:da39a3ee5e6b4b0d3255bfef95601890afd80709,1,0,0,0,0
jhipster-3,jh3-none,1037545770,3,Read,1787300352455,8,803,84,3,0,0,0.0,0.0,,0.0,-0.8333,sha1:da39a3ee5e6b4b0d3255bfef95601890afd80709,1,0,0,0,0
jhipster-3,jh3-none,1037545770,4,Read,1787300353165,9,803,84,4,0,0,0.0,0.0,,0.0,-0.75,sha1:da39a3ee5e6b4b0d3255bfef95601890afd80709,1,0,0,0,0
jhipster-3,jh3-none,1037545770,5,Bash,1787300354449,10,803,84,5,0,0,0.0,0.0,,0.0,-0.6667,sha1:da39a3ee5e6b4b0d3255bfef95601890afd80709,1,0,0,0,0
jhipster-3,jh3-none,1037545770,6,Bash,1787300358467,14,1219,84,6,0,0,0.0,0.0,,0.0,-0.5833,sha1:da39a3ee5e6b4b0d3255bfef95601890afd80709,1,0,0,0,0
jhipster-3,jh3-none,1037545770,7,Bash,1787300359402,15,1219,84,7,0,0,0.0,0.0,,0.0,-0.5,sha1:da39a3ee5e6b4b0d3255bfef95601890afd80709,1,0,0,0,0
jhipster-3,jh3-none,1037545770,8,Bash,1787300372722,29,2145,84,8,0,0,0.0,0.0,,0.0,-0.4167,sha1:da39a3ee5e6b4b0d3255bfef95601890afd80709,1,0,0,0,0
jhipster-3,jh3-none,1037545770,9,Bash,1787300405615,61,4804,84,9,0,0,0.0,0.0,,0.0,-0.3333,sha1:da39a3ee5e6b4b0d3255bfef95601890afd80709,1,0,0,0,0
jhipster-3,jh3-none,1037545770,10,Bash,1787300406766,63,4804,84,10,0,0,0.0,0.0,,0.0,-0.25,sha1:da39a3ee5e6b4b0d3255bfef95601890afd80709,1,0,0,0,0
jhipster-3,jh3-none,1037545770,11,Read,1787300419061,75,5995,84,11,0,0,0.0,0.0,,0.0,-0.1667,sha1:da39a3ee5e6b4b0d3255bfef95601890afd80709,1,0,0,0,0
jhipster-3,jh3-none,1037545770,12,Bash,1787300420697,77,5995,84,12,0,0,0.0,0.0,,0.0,-0.0833,sha1:da39a3ee5e6b4b0d3255bfef95601890afd80709,1,0,0,0,0
jhipster-3,jh3-none,1037545770,13,Edit,1787300424472,80,6616,84,13,638,1,0.2,0.1111,domain-rules,0.2,0.0,sha1:22729e295a871ca95fb3b584d8ca1dc2714f4006,0,1,0,0,0
jhipster-3,jh3-none,1037545770,14,Bash,1787300427332,83,6616,84,14,3455,2,0.4,0.2222,domain-rules|api,0.2,0.0833,sha1:978fd84d292d7f35dd016c5d28e2582953ae9885,0,0,0,0,0
jhipster-3,jh3-none,1037545770,15,Bash,1787300431192,87,7159,112,15,5753,5,0.8,0.5556,config|domain-rules|api|view,0.4,0.1667,sha1:1824183c04af26e83aaefc275939833cc4c8f1ae,0,0,1,0,1
jhipster-3,jh3-none,1037545770,16,Bash,1787300433544,89,7159,112,16,6726,7,0.8,0.7778,config|domain-rules|api|view,0.0,0.25,sha1:aa10b61e3c662b71fdb5052f000e6826a5e78e6b,0,0,0,0,0
jhipster-3,jh3-none,1037545770,17,Write,1787300439050,95,7497,112,17,9020,8,1.0,0.7778,schema|config|domain-rules|api|view,0.2,0.3333,sha1:1848f0b19c92521e3cd841393672b6c921a3ce25,0,0,0,1,0
jhipster-3,jh3-none,1037545770,18,Edit,1787300453302,109,8776,112,18,9968,9,1.0,0.7778,schema|config|domain-rules|api|view,0.0,0.4167,sha1:88586e9774b9b87ff695f15efc2ec73b77fa38a5,0,0,0,0,0
jhipster-3,jh3-none,1037545770,19,Bash,1787300457012,113,9047,112,19,1288771,9,1.0,0.7778,schema|config|domain-rules|api|view,0.0,0.5,sha1:5e98259866afa7dd1e34f64041b5eacd61ff5faa,0,0,0,0,0
jhipster-3,jh3-none,1037545770,20,Bash,1787300460923,117,9289,162,20,1288771,9,1.0,0.7778,schema|config|domain-rules|api|view,0.0,0.5833,sha1:5e98259866afa7dd1e34f64041b5eacd61ff5faa,1,0,0,0,0
jhipster-3,jh3-none,1037545770,21,Bash,1787300654135,310,9943,162,21,1288771,9,1.0,0.7778,schema|config|domain-rules|api|view,0.0,0.6667,sha1:5e98259866afa7dd1e34f64041b5eacd61ff5faa,1,0,0,0,0
jhipster-3,jh3-none,1037545770,22,Bash,1787300687100,343,10384,162,22,1288771,9,1.0,0.7778,schema|config|domain-rules|api|view,0.0,0.75,sha1:5e98259866afa7dd1e34f64041b5eacd61ff5faa,1,0,0,0,0
jhipster-3,jh3-none,1037545770,23,Bash,1787300697506,353,11124,162,23,1288771,9,1.0,0.7778,schema|config|domain-rules|api|view,0.0,0.8333,sha1:5e98259866afa7dd1e34f64041b5eacd61ff5faa,1,0,0,0,0
jhipster-3,jh3-none,1037545770,24,Bash,1787300708309,364,11893,162,24,1288771,9,1.0,0.7778,schema|config|domain-rules|api|view,0.0,0.9167,sha1:5e98259866afa7dd1e34f64041b5eacd61ff5faa,1,0,0,0,0
jhipster-3,jh3-none,1037545770,25,Bash,1787300779653,435,12654,162,25,1288771,9,1.0,0.7778,schema|config|domain-rules|api|view,0.0,1.0,sha1:5e98259866afa7dd1e34f64041b5eacd61ff5faa,1,0,0,0,0
petclinic-36,pc36-none,1037545758,1,Bash,1787300216125,3,176,43,1,0,0,0.0,0.0,,0.0,-1.1111,sha1:da39a3ee5e6b4b0d3255bfef95601890afd80709,0,0,0,0,0
petclinic-36,pc36-none,1037545758,2,Read,1787300218359,5,261,43,2,0,0,0.0,0.0,,0.0,-1.0,sha1:da39a3ee5e6b4b0d3255bfef95601890afd80709,1,0,0,0,0
petclinic-36,pc36-none,1037545758,3,Bash,1787300223197,10,572,43,3,0,0,0.0,0.0,,0.0,-0.8889,sha1:da39a3ee5e6b4b0d3255bfef95601890afd80709,1,0,0,0,0
petclinic-36,pc36-none,1037545758,4,Bash,1787300228639,15,901,43,4,0,0,0.0,0.0,,0.0,-0.7778,sha1:da39a3ee5e6b4b0d3255bfef95601890afd80709,1,0,0,0,0
petclinic-36,pc36-none,1037545758,5,Bash,1787300232112,19,1093,43,5,0,0,0.0,0.0,,0.0,-0.6667,sha1:da39a3ee5e6b4b0d3255bfef95601890afd80709,1,0,0,0,0
petclinic-36,pc36-none,1037545758,6,Bash,1787300235254,22,1253,43,6,0,0,0.0,0.0,,0.0,-0.5556,sha1:da39a3ee5e6b4b0d3255bfef95601890afd80709,1,0,0,0,0
petclinic-36,pc36-none,1037545758,7,Bash,1787300240347,27,1595,43,7,0,0,0.0,0.0,,0.0,-0.4444,sha1:da39a3ee5e6b4b0d3255bfef95601890afd80709,1,0,0,0,0
petclinic-36,pc36-none,1037545758,8,Bash,1787300243172,30,1729,43,8,0,0,0.0,0.0,,0.0,-0.3333,sha1:da39a3ee5e6b4b0d3255bfef95601890afd80709,1,0,0,0,0
petclinic-36,pc36-none,1037545758,9,Bash,1787300245304,32,1812,43,9,0,0,0.0,0.0,,0.0,-0.2222,sha1:da39a3ee5e6b4b0d3255bfef95601890afd80709,1,0,0,0,0
petclinic-36,pc36-none,1037545758,10,Read,1787300247499,34,1893,43,10,0,0,0.0,0.0,,0.0,-0.1111,sha1:da39a3ee5e6b4b0d3255bfef95601890afd80709,1,0,0,0,0
petclinic-36,pc36-none,1037545758,11,Bash,1787300249840,36,1989,43,11,2199,2,0.3333,0.125,domain-model,0.3333,0.0,sha1:04727cf550121a8acd5a070347bddcbc633f969d,0,1,0,0,0
petclinic-36,pc36-none,1037545758,12,Bash,1787300257717,44,2757,89,12,17581,10,0.6667,0.625,schema|domain-model,0.3333,0.1111,sha1:cf070973665cd2ee741b7b0c997e106526f20d3a,0,0,1,0,1
petclinic-36,pc36-none,1037545758,13,Bash,1787300272030,59,4166,89,13,23264,21,1.0,1.0,schema|view|domain-model,0.3333,0.2222,sha1:4f1cd43159175a210f77385df3f19f9cd96e936d,0,0,0,1,0
petclinic-36,pc36-none,1037545758,14,Bash,1787300281982,69,5185,120,14,23264,21,1.0,1.0,schema|view|domain-model,0.0,0.3333,sha1:4f1cd43159175a210f77385df3f19f9cd96e936d,1,0,0,0,0
petclinic-36,pc36-none,1037545758,15,Read,1787300285947,73,5388,120,15,23264,21,1.0,1.0,schema|view|domain-model,0.0,0.4444,sha1:4f1cd43159175a210f77385df3f19f9cd96e936d,1,0,0,0,0
petclinic-36,pc36-none,1037545758,16,Edit,1787300289836,76,5651,120,16,24053,22,1.0,1.0,schema|view|domain-model,0.0,0.5556,sha1:5795649b12aae25fced08957d366bcbbc71e93cb,0,0,0,0,0
petclinic-36,pc36-none,1037545758,17,Bash,1787300291826,78,5727,120,17,24053,22,1.0,1.0,schema|view|domain-model,0.0,0.6667,sha1:5795649b12aae25fced08957d366bcbbc71e93cb,1,0,0,0,0
petclinic-36,pc36-none,1037545758,18,Bash,1787300294948,82,5954,120,18,24053,22,1.0,1.0,schema|view|domain-model,0.0,0.7778,sha1:5795649b12aae25fced08957d366bcbbc71e93cb,1,0,0,0,0
petclinic-36,pc36-none,1037545758,19,Bash,1787300298080,85,6135,147,19,24053,22,1.0,1.0,schema|view|domain-model,0.0,0.8889,sha1:5795649b12aae25fced08957d366bcbbc71e93cb,1,0,0,0,0
petclinic-36,pc36-none,1037545758,20,Bash,1787300314705,101,6293,147,20,24053,22,1.0,1.0,schema|view|domain-model,0.0,1.0,sha1:5795649b12aae25fced08957d366bcbbc71e93cb,1,0,0,0,0
petclinic-rest-37,pcr37-mcp,1037545772,1,ToolSearch,1787300203837,4,93,38,1,0,0,0.0,0.0,,0.0,-0.4375,sha1:da39a3ee5e6b4b0d3255bfef95601890afd80709,0,0,0,0,0
petclinic-rest-37,pcr37-mcp,1037545772,2,ToolSearch,1787300205838,6,174,38,2,0,0,0.0,0.0,,0.0,-0.375,sha1:da39a3ee5e6b4b0d3255bfef95601890afd80709,1,0,0,0,0
petclinic-rest-37,pcr37-mcp,1037545772,3,mcp__mcp-steroid__steroid_list_projects,1787300208255,8,233,83,3,0,0,0.0,0.0,,0.0,-0.3125,sha1:da39a3ee5e6b4b0d3255bfef95601890afd80709,1,0,0,0,0
petclinic-rest-37,pcr37-mcp,1037545772,4,mcp__mcp-steroid__steroid_execute_code,1787300216494,17,1039,83,4,0,0,0.0,0.0,,0.0,-0.25,sha1:da39a3ee5e6b4b0d3255bfef95601890afd80709,1,0,0,0,0
petclinic-rest-37,pcr37-mcp,1037545772,5,Read,1787300222427,23,1433,83,5,0,0,0.0,0.0,,0.0,-0.1875,sha1:da39a3ee5e6b4b0d3255bfef95601890afd80709,1,0,0,0,0
petclinic-rest-37,pcr37-mcp,1037545772,6,Bash,1787300223141,23,1433,83,6,0,0,0.0,0.0,,0.0,-0.125,sha1:da39a3ee5e6b4b0d3255bfef95601890afd80709,1,0,0,0,0
petclinic-rest-37,pcr37-mcp,1037545772,7,Read,1787300229453,30,1850,83,7,0,0,0.0,0.0,,0.0,-0.0625,sha1:da39a3ee5e6b4b0d3255bfef95601890afd80709,1,0,0,0,0
petclinic-rest-37,pcr37-mcp,1037545772,8,mcp__mcp-steroid__steroid_execute_code,1787300253382,54,4156,83,8,2479,1,0.3333,0.0909,api,0.3333,0.0,sha1:b76a443fabf76c3765f4d9b1b7b327a1e1b74b45,0,1,0,0,1
petclinic-rest-37,pcr37-mcp,1037545772,9,mcp__mcp-steroid__steroid_execute_code,1787300258402,59,4413,83,9,2479,1,0.3333,0.0909,api,0.0,0.0625,sha1:b76a443fabf76c3765f4d9b1b7b327a1e1b74b45,1,0,0,0,0
petclinic-rest-37,pcr37-mcp,1037545772,10,Bash,1787300267503,68,4690,83,10,2479,1,0.3333,0.0909,api,0.0,0.125,sha1:b76a443fabf76c3765f4d9b1b7b327a1e1b74b45,1,0,0,0,0
petclinic-rest-37,pcr37-mcp,1037545772,11,Bash,1787300281936,82,4940,83,11,2479,1,0.3333,0.0909,api,0.0,0.1875,sha1:b76a443fabf76c3765f4d9b1b7b327a1e1b74b45,1,0,0,0,0
petclinic-rest-37,pcr37-mcp,1037545772,12,Bash,1787300322514,123,5168,83,12,2479,1,0.3333,0.0909,api,0.0,0.25,sha1:b76a443fabf76c3765f4d9b1b7b327a1e1b74b45,1,0,0,0,0
petclinic-rest-37,pcr37-mcp,1037545772,13,Bash,1787300333437,134,5857,83,13,2479,1,0.3333,0.0909,api,0.0,0.3125,sha1:b76a443fabf76c3765f4d9b1b7b327a1e1b74b45,1,0,0,0,0
petclinic-rest-37,pcr37-mcp,1037545772,14,Bash,1787300336661,137,6053,83,14,2479,1,0.3333,0.0909,api,0.0,0.375,sha1:b76a443fabf76c3765f4d9b1b7b327a1e1b74b45,1,0,0,0,0
petclinic-rest-37,pcr37-mcp,1037545772,15,Bash,1787300354587,155,7357,83,15,2479,1,0.3333,0.0909,api,0.0,0.4375,sha1:b76a443fabf76c3765f4d9b1b7b327a1e1b74b45,1,0,0,0,0
petclinic-rest-37,pcr37-mcp,1037545772,16,Write,1787300372937,173,8942,83,16,4244,1,0.3333,0.0909,api,0.0,0.5,sha1:122a528b658ee22b4dba37ef9db6294f4498eab0,0,0,0,0,0
petclinic-rest-37,pcr37-mcp,1037545772,17,Bash,1787300376205,176,9149,83,17,4244,1,0.3333,0.0909,api,0.0,0.5625,sha1:122a528b658ee22b4dba37ef9db6294f4498eab0,1,0,0,0,0
petclinic-rest-37,pcr37-mcp,1037545772,18,Edit,1787300393948,194,9386,83,18,4182,1,0.3333,0.0909,api,0.0,0.625,sha1:7865c6fd9d741974e646e788d54da9eaf94fa60d,0,0,0,0,0
petclinic-rest-37,pcr37-mcp,1037545772,19,Bash,1787300398676,199,9591,83,19,4182,1,0.3333,0.0909,api,0.0,0.6875,sha1:7865c6fd9d741974e646e788d54da9eaf94fa60d,1,0,0,0,0
petclinic-rest-37,pcr37-mcp,1037545772,20,Read,1787300433661,234,9877,83,20,4182,1,0.3333,0.0909,api,0.0,0.75,sha1:7865c6fd9d741974e646e788d54da9eaf94fa60d,1,0,0,0,0
petclinic-rest-37,pcr37-mcp,1037545772,21,mcp__mcp-steroid__steroid_execute_code,1787300456667,257,12013,83,21,2772,1,0.3333,0.0909,api,0.0,0.8125,sha1:8da6ecf8ee74037f8173705382ff1eb97a798a09,0,0,0,0,0
petclinic-rest-37,pcr37-mcp,1037545772,22,Bash,1787300461104,261,12181,83,22,2772,1,0.3333,0.0909,api,0.0,0.875,sha1:8da6ecf8ee74037f8173705382ff1eb97a798a09,1,0,0,0,0
petclinic-rest-37,pcr37-mcp,1037545772,23,Bash,1787300498618,299,12353,152,23,2772,1,0.3333,0.0909,api,0.0,0.9375,sha1:8da6ecf8ee74037f8173705382ff1eb97a798a09,1,0,0,0,0
petclinic-rest-37,pcr37-mcp,1037545772,24,Bash,1787300548865,349,12456,152,24,2772,1,0.3333,0.0909,api,0.0,1.0,sha1:8da6ecf8ee74037f8173705382ff1eb97a798a09,1,0,0,0,0
springboot3-1,sb31-mcp,1037545764,1,ToolSearch,1787300068757,2,114,59,1,0,0,0.0,0.0,,0.0,-0.6667,sha1:da39a3ee5e6b4b0d3255bfef95601890afd80709,0,0,0,0,0
springboot3-1,sb31-mcp,1037545764,2,ToolSearch,1787300070814,4,219,59,2,0,0,0.0,0.0,,0.0,-0.5556,sha1:da39a3ee5e6b4b0d3255bfef95601890afd80709,1,0,0,0,0
springboot3-1,sb31-mcp,1037545764,3,mcp__mcp-steroid__steroid_list_projects,1787300072979,7,262,59,3,0,0,0.0,0.0,,0.0,-0.4444,sha1:da39a3ee5e6b4b0d3255bfef95601890afd80709,1,0,0,0,0
springboot3-1,sb31-mcp,1037545764,4,mcp__mcp-steroid__steroid_execute_code,1787300082800,16,1154,59,4,0,0,0.0,0.0,,0.0,-0.3333,sha1:da39a3ee5e6b4b0d3255bfef95601890afd80709,1,0,0,0,0
springboot3-1,sb31-mcp,1037545764,5,Bash,1787300136483,70,5571,59,5,0,0,0.0,0.0,,0.0,-0.2222,sha1:da39a3ee5e6b4b0d3255bfef95601890afd80709,1,0,0,0,0
springboot3-1,sb31-mcp,1037545764,6,Read,1787300141982,76,5907,59,6,0,0,0.0,0.0,,0.0,-0.1111,sha1:da39a3ee5e6b4b0d3255bfef95601890afd80709,1,0,0,0,0
springboot3-1,sb31-mcp,1037545764,7,Write,1787300193735,127,11184,59,7,701,1,0.1429,0.0,domain-model,0.1429,0.0,sha1:1e2af7deacbed1767b2f2259e73788cd6d48e54c,0,1,0,0,1
springboot3-1,sb31-mcp,1037545764,8,Write,1787300198322,132,11519,59,8,2072,2,0.2857,0.0,persistence|domain-model,0.1429,0.1111,sha1:4391ced60573b8540871d5dedd5c0e0039b6ffc5,0,0,0,0,0
springboot3-1,sb31-mcp,1037545764,9,Write,1787300203842,137,12017,59,9,2568,3,0.4286,0.0,persistence|transport|domain-model,0.1429,0.2222,sha1:84ee3e3dc51abc586fa2fe21a480aaa18f332f9f,0,0,0,0,0
springboot3-1,sb31-mcp,1037545764,10,Write,1787300207351,141,12204,59,10,7887,4,0.5714,0.0,persistence|service|transport|domain-model,0.1429,0.3333,sha1:4a671fcc746932e0d95bb4c057ce96feca76c3a1,0,0,1,0,0
springboot3-1,sb31-mcp,1037545764,11,Write,1787300226580,160,14182,59,11,10504,5,0.7143,0.0,persistence|service|transport|security|domain-model,0.1429,0.4444,sha1:bd8f47b308a6fca9c585270a6a1cc57992ce22c2,0,0,0,0,0
springboot3-1,sb31-mcp,1037545764,12,Write,1787300235559,169,15098,59,12,14123,6,0.8571,0.0,persistence|service|transport|api|security|domain-model,0.1429,0.5556,sha1:126a95e632e7d5bb1d4e33c73045522096128709,0,0,0,0,0
springboot3-1,sb31-mcp,1037545764,13,Write,1787300247071,181,16382,59,13,17847,7,1.0,0.0,config|persistence|service|transport|api|security|domain-model,0.1429,0.6667,sha1:39e56ef1ecbd200245685b92f8a8958ae823fd2e,0,0,0,1,0
springboot3-1,sb31-mcp,1037545764,14,mcp__mcp-steroid__steroid_execute_code,1787300259362,193,17721,59,14,19061,8,1.0,0.0909,config|persistence|service|transport|api|security|domain-model,0.0,0.7778,sha1:d4853b6e59c77e0c93de4ac7876e38da50b5eca1,0,0,0,0,0
springboot3-1,sb31-mcp,1037545764,15,Bash,1787300274919,209,19058,59,15,19061,8,1.0,0.0909,config|persistence|service|transport|api|security|domain-model,0.0,0.8889,sha1:d4853b6e59c77e0c93de4ac7876e38da50b5eca1,1,0,0,0,0
springboot3-1,sb31-mcp,1037545764,16,Bash,1787300281047,215,19359,59,16,19061,8,1.0,0.0909,config|persistence|service|transport|api|security|domain-model,0.0,1.0,sha1:d4853b6e59c77e0c93de4ac7876e38da50b5eca1,1,0,0,0,0
springboot3-1,sb31-none,1037545766,1,Bash,1787300069421,4,256,46,1,0,0,0.0,0.0,,0.0,-0.3636,sha1:da39a3ee5e6b4b0d3255bfef95601890afd80709,0,0,0,0,0
springboot3-1,sb31-none,1037545766,2,Bash,1787300069473,4,256,46,2,0,0,0.0,0.0,,0.0,-0.2727,sha1:da39a3ee5e6b4b0d3255bfef95601890afd80709,1,0,0,0,0
springboot3-1,sb31-none,1037545766,3,Bash,1787300074866,9,763,46,3,0,0,0.0,0.0,,0.0,-0.1818,sha1:da39a3ee5e6b4b0d3255bfef95601890afd80709,1,0,0,0,0
springboot3-1,sb31-none,1037545766,4,Bash,1787300075950,10,763,46,4,0,0,0.0,0.0,,0.0,-0.0909,sha1:da39a3ee5e6b4b0d3255bfef95601890afd80709,1,0,0,0,0
springboot3-1,sb31-none,1037545766,5,Bash,1787300136462,71,6214,46,5,1169,0,0.0,0.0,,0.0,0.0,sha1:e674f82f7f8e896d2aca0287d7456b6830ab990f,0,1,0,0,0
springboot3-1,sb31-none,1037545766,6,Bash,1787300140295,75,6915,46,6,1169,0,0.0,0.0,,0.0,0.0909,sha1:e674f82f7f8e896d2aca0287d7456b6830ab990f,1,0,0,0,0
springboot3-1,sb31-none,1037545766,7,Write,1787300143721,78,6915,46,7,2657,1,0.1429,0.0,security,0.1429,0.1818,sha1:9fc846e8c1058616a3da79db954f4fbcbbb583b4,0,0,0,0,1
springboot3-1,sb31-none,1037545766,8,Write,1787300161175,95,9631,46,8,7595,2,0.2857,0.0,service|security,0.1429,0.2727,sha1:0500ef0e430cb25be38b4736b3aa21d1b1285f6d,0,0,0,0,0
springboot3-1,sb31-none,1037545766,9,Write,1787300167574,102,9631,46,9,10084,3,0.2857,0.0,service|security,0.0,0.3636,sha1:2069963b3202213ae68cd4157b14bf3feb8225f9,0,0,0,0,0
springboot3-1,sb31-none,1037545766,10,Write,1787300175770,110,11537,46,10,11969,4,0.2857,0.0,service|security,0.0,0.4545,sha1:416f52b288e2dd4da6f04e916fab6810991f58a3,0,0,0,0,0
springboot3-1,sb31-none,1037545766,11,Write,1787300184332,119,11537,46,11,15341,5,0.4286,0.0,config|service|security,0.1429,0.5455,sha1:a010f5cb9d5dfb8910b97813ec06f80d06913401,0,0,0,0,0
springboot3-1,sb31-none,1037545766,12,Write,1787300191102,125,13195,46,12,16021,6,0.5714,0.0,config|service|transport|security,0.1429,0.6364,sha1:f44e0a9ecfdd168aa6dbdbd287e886059d3b2a8e,0,0,1,0,0
springboot3-1,sb31-none,1037545766,13,Write,1787300199978,134,13195,46,13,19587,7,0.7143,0.0,config|service|transport|api|security,0.1429,0.7273,sha1:01b0c1fb01b5cadad9faaf0c4f64f0b29e6d951f,0,0,0,0,0
springboot3-1,sb31-none,1037545766,14,Bash,1787300203987,138,13409,46,14,20076,8,0.7143,0.0909,config|service|transport|api|security,0.0,0.8182,sha1:eaaeac536a87b1cc901e32133aa2ca0f84df5bf0,0,0,0,0,0
springboot3-1,sb31-none,1037545766,15,Bash,1787300207119,141,13584,80,15,20076,8,0.7143,0.0909,config|service|transport|api|security,0.0,0.9091,sha1:eaaeac536a87b1cc901e32133aa2ca0f84df5bf0,1,0,0,0,0
springboot3-1,sb31-none,1037545766,16,Bash,1787300220726,155,13754,145,16,20076,8,0.7143,0.0909,config|service|transport|api|security,0.0,1.0,sha1:eaaeac536a87b1cc901e32133aa2ca0f84df5bf0,1,0,0,0,0
